<?xml version="1.0" encoding="UTF-8"?>
<project-private xmlns="http://www.netbeans.org/ns/project-private/1">
    <editor-bookmarks xmlns="http://www.netbeans.org/ns/editor-bookmarks/2" lastBookmarkId="0"/>
    <open-files xmlns="http://www.netbeans.org/ns/projectui-open-files/2">
        <group>
            <file>file:/home/wolfshep/Bureau/GestiNotesV1%20(Complet,%20mais%20pas%20corrigé)/src/gestinotes/GestiNotes.java</file>
            <file>file:/home/wolfshep/Bureau/GestiNotesV1%20(Complet,%20mais%20pas%20corrigé)/src/gestinotes/Etablissement.java</file>
            <file>file:/home/wolfshep/Bureau/GestiNotesV1%20(Complet,%20mais%20pas%20corrigé)/src/gestinotes/Groupe.java</file>
            <file>file:/home/wolfshep/Bureau/GestiNotesV1%20(Complet,%20mais%20pas%20corrigé)/src/gestinotes/Etudiant.java</file>
            <file>file:/home/wolfshep/Bureau/GestiNotesV1%20(Complet,%20mais%20pas%20corrigé)/src/gestinotes/PrincipaleFrame.java</file>
        </group>
    </open-files>
</project-private>
